env_steps,gradient_steps,total_reward,world_model_loss,reconstruction_loss,reward_predictor_loss,kl_loss,actor_loss,critic_loss,entropies,logprobs,advantages,criticValues
6000,100,42.7320423970755,11324.4205078125,11322.9462890625,0.042420513927936554,1.432703161239624,3.2759056091308594,1.0801401138305664,3.3616464138031006,6.478835582733154,-0.5040411353111267,6.926506996154785
6000,100,28.802490670596814,11320.6177734375,11319.724609375,-0.08785149455070496,0.9810720920562743,-8.655760765075684,1.8173311948776245,3.4213273525238037,7.146573543548584,1.2076104879379272,8.844278335571289
7000,200,87.04206202353316,11307.5181640625,11307.818359375,-0.5747066736221313,0.27359929084777823,-0.766044020652771,0.9295725226402283,3.345041275024414,6.329824447631836,0.1201847568154335,7.335009574890137
8000,300,105.558708436076,11304.8833984375,11305.3037109375,-0.5101974010467529,0.08965363502502433,-1.5642846822738647,0.95879727602005,3.3291609287261963,6.157107353210449,0.25371021032333374,6.972890377044678
9000,400,95.88448409859188,11305.562109375,11306.265625,-0.7401680946350098,0.03651752471923819,1.5397284030914307,0.9483942985534668,3.425535202026367,7.187460422515869,-0.21408213675022125,8.512258529663086
10000,500,24.36360445710518,11304.2388671875,11304.9296875,-0.7080793380737305,0.016906285285949618,0.18995489180088043,0.9208024740219116,3.4232094287872314,7.0362396240234375,-0.027000846341252327,8.323257446289062
